{
    "prefill_toks_per_second": 1.9293510913848877,
    "decode_toks_per_second": 1.8463044166564941
}