{
  "max_rss": 506.4609375,
  "max_vms": 597.80078125
}