{
    "results": {
        "arc_challenge": {
            "alias": "arc_challenge",
            "acc,none": 0.3165529010238908,
            "acc_stderr,none": 0.013592431519068077,
            "acc_norm,none": 0.3447098976109215,
            "acc_norm_stderr,none": 0.013888816286782112
        },
        "ceval-valid": {
            "acc_norm,none": 0.43016344725111444,
            "acc_norm_stderr,none": 0.013209752070645843,
            "acc,none": 0.43016344725111444,
            "acc_stderr,none": 0.013209752070645843,
            "alias": "ceval-valid"
        },
        "ceval-valid_accountant": {
            "alias": " - ceval-valid_accountant",
            "acc,none": 0.4489795918367347,
            "acc_stderr,none": 0.07179207795648103,
            "acc_norm,none": 0.4489795918367347,
            "acc_norm_stderr,none": 0.07179207795648103
        },
        "ceval-valid_advanced_mathematics": {
            "alias": " - ceval-valid_advanced_mathematics",
            "acc,none": 0.2631578947368421,
            "acc_stderr,none": 0.10379087338771256,
            "acc_norm,none": 0.2631578947368421,
            "acc_norm_stderr,none": 0.10379087338771256
        },
        "ceval-valid_art_studies": {
            "alias": " - ceval-valid_art_studies",
            "acc,none": 0.3333333333333333,
            "acc_stderr,none": 0.08333333333333331,
            "acc_norm,none": 0.3333333333333333,
            "acc_norm_stderr,none": 0.08333333333333331
        },
        "ceval-valid_basic_medicine": {
            "alias": " - ceval-valid_basic_medicine",
            "acc,none": 0.631578947368421,
            "acc_stderr,none": 0.11369720523522561,
            "acc_norm,none": 0.631578947368421,
            "acc_norm_stderr,none": 0.11369720523522561
        },
        "ceval-valid_business_administration": {
            "alias": " - ceval-valid_business_administration",
            "acc,none": 0.42424242424242425,
            "acc_stderr,none": 0.08736789844447573,
            "acc_norm,none": 0.42424242424242425,
            "acc_norm_stderr,none": 0.08736789844447573
        },
        "ceval-valid_chinese_language_and_literature": {
            "alias": " - ceval-valid_chinese_language_and_literature",
            "acc,none": 0.391304347826087,
            "acc_stderr,none": 0.10405096111532161,
            "acc_norm,none": 0.391304347826087,
            "acc_norm_stderr,none": 0.10405096111532161
        },
        "ceval-valid_civil_servant": {
            "alias": " - ceval-valid_civil_servant",
            "acc,none": 0.2978723404255319,
            "acc_stderr,none": 0.06742861107915606,
            "acc_norm,none": 0.2978723404255319,
            "acc_norm_stderr,none": 0.06742861107915606
        },
        "ceval-valid_clinical_medicine": {
            "alias": " - ceval-valid_clinical_medicine",
            "acc,none": 0.5454545454545454,
            "acc_stderr,none": 0.10865714630312667,
            "acc_norm,none": 0.5454545454545454,
            "acc_norm_stderr,none": 0.10865714630312667
        },
        "ceval-valid_college_chemistry": {
            "alias": " - ceval-valid_college_chemistry",
            "acc,none": 0.4583333333333333,
            "acc_stderr,none": 0.10389457216622949,
            "acc_norm,none": 0.4583333333333333,
            "acc_norm_stderr,none": 0.10389457216622949
        },
        "ceval-valid_college_economics": {
            "alias": " - ceval-valid_college_economics",
            "acc,none": 0.38181818181818183,
            "acc_stderr,none": 0.06611340675536796,
            "acc_norm,none": 0.38181818181818183,
            "acc_norm_stderr,none": 0.06611340675536796
        },
        "ceval-valid_college_physics": {
            "alias": " - ceval-valid_college_physics",
            "acc,none": 0.2631578947368421,
            "acc_stderr,none": 0.10379087338771256,
            "acc_norm,none": 0.2631578947368421,
            "acc_norm_stderr,none": 0.10379087338771256
        },
        "ceval-valid_college_programming": {
            "alias": " - ceval-valid_college_programming",
            "acc,none": 0.24324324324324326,
            "acc_stderr,none": 0.07150679219093488,
            "acc_norm,none": 0.24324324324324326,
            "acc_norm_stderr,none": 0.07150679219093488
        },
        "ceval-valid_computer_architecture": {
            "alias": " - ceval-valid_computer_architecture",
            "acc,none": 0.2857142857142857,
            "acc_stderr,none": 0.10101525445522108,
            "acc_norm,none": 0.2857142857142857,
            "acc_norm_stderr,none": 0.10101525445522108
        },
        "ceval-valid_computer_network": {
            "alias": " - ceval-valid_computer_network",
            "acc,none": 0.3157894736842105,
            "acc_stderr,none": 0.10956136839295433,
            "acc_norm,none": 0.3157894736842105,
            "acc_norm_stderr,none": 0.10956136839295433
        },
        "ceval-valid_discrete_mathematics": {
            "alias": " - ceval-valid_discrete_mathematics",
            "acc,none": 0.1875,
            "acc_stderr,none": 0.10077822185373188,
            "acc_norm,none": 0.1875,
            "acc_norm_stderr,none": 0.10077822185373188
        },
        "ceval-valid_education_science": {
            "alias": " - ceval-valid_education_science",
            "acc,none": 0.5517241379310345,
            "acc_stderr,none": 0.09398415777506855,
            "acc_norm,none": 0.5517241379310345,
            "acc_norm_stderr,none": 0.09398415777506855
        },
        "ceval-valid_electrical_engineer": {
            "alias": " - ceval-valid_electrical_engineer",
            "acc,none": 0.2702702702702703,
            "acc_stderr,none": 0.07401656182502248,
            "acc_norm,none": 0.2702702702702703,
            "acc_norm_stderr,none": 0.07401656182502248
        },
        "ceval-valid_environmental_impact_assessment_engineer": {
            "alias": " - ceval-valid_environmental_impact_assessment_engineer",
            "acc,none": 0.5806451612903226,
            "acc_stderr,none": 0.09009187125012223,
            "acc_norm,none": 0.5806451612903226,
            "acc_norm_stderr,none": 0.09009187125012223
        },
        "ceval-valid_fire_engineer": {
            "alias": " - ceval-valid_fire_engineer",
            "acc,none": 0.3870967741935484,
            "acc_stderr,none": 0.08892934678767887,
            "acc_norm,none": 0.3870967741935484,
            "acc_norm_stderr,none": 0.08892934678767887
        },
        "ceval-valid_high_school_biology": {
            "alias": " - ceval-valid_high_school_biology",
            "acc,none": 0.3684210526315789,
            "acc_stderr,none": 0.11369720523522558,
            "acc_norm,none": 0.3684210526315789,
            "acc_norm_stderr,none": 0.11369720523522558
        },
        "ceval-valid_high_school_chemistry": {
            "alias": " - ceval-valid_high_school_chemistry",
            "acc,none": 0.2631578947368421,
            "acc_stderr,none": 0.10379087338771256,
            "acc_norm,none": 0.2631578947368421,
            "acc_norm_stderr,none": 0.10379087338771256
        },
        "ceval-valid_high_school_chinese": {
            "alias": " - ceval-valid_high_school_chinese",
            "acc,none": 0.3157894736842105,
            "acc_stderr,none": 0.10956136839295434,
            "acc_norm,none": 0.3157894736842105,
            "acc_norm_stderr,none": 0.10956136839295434
        },
        "ceval-valid_high_school_geography": {
            "alias": " - ceval-valid_high_school_geography",
            "acc,none": 0.47368421052631576,
            "acc_stderr,none": 0.11768778828946262,
            "acc_norm,none": 0.47368421052631576,
            "acc_norm_stderr,none": 0.11768778828946262
        },
        "ceval-valid_high_school_history": {
            "alias": " - ceval-valid_high_school_history",
            "acc,none": 0.65,
            "acc_stderr,none": 0.10942433098048308,