{
    "results": {
        "arc_challenge": {
            "alias": "arc_challenge",
            "acc,none": 0.3148464163822526,
            "acc_stderr,none": 0.013572657703084948,
            "acc_norm,none": 0.34897610921501704,
            "acc_norm_stderr,none": 0.0139289334613825
        },
        "ceval-valid": {
            "acc_norm,none": 0.513372956909361,
            "acc_norm_stderr,none": 0.0131475646880281,
            "acc,none": 0.513372956909361,
            "acc_stderr,none": 0.0131475646880281,
            "alias": "ceval-valid"
        },
        "ceval-valid_accountant": {
            "alias": " - ceval-valid_accountant",
            "acc,none": 0.5510204081632653,
            "acc_stderr,none": 0.07179207795648103,
            "acc_norm,none": 0.5510204081632653,
            "acc_norm_stderr,none": 0.07179207795648103
        },
        "ceval-valid_advanced_mathematics": {
            "alias": " - ceval-valid_advanced_mathematics",
            "acc,none": 0.47368421052631576,
            "acc_stderr,none": 0.1176877882894626,
            "acc_norm,none": 0.47368421052631576,
            "acc_norm_stderr,none": 0.1176877882894626
        },
        "ceval-valid_art_studies": {
            "alias": " - ceval-valid_art_studies",
            "acc,none": 0.36363636363636365,
            "acc_stderr,none": 0.08503766788122592,
            "acc_norm,none": 0.36363636363636365,
            "acc_norm_stderr,none": 0.08503766788122592
        },
        "ceval-valid_basic_medicine": {
            "alias": " - ceval-valid_basic_medicine",
            "acc,none": 0.5263157894736842,
            "acc_stderr,none": 0.1176877882894626,
            "acc_norm,none": 0.5263157894736842,
            "acc_norm_stderr,none": 0.1176877882894626
        },
        "ceval-valid_business_administration": {
            "alias": " - ceval-valid_business_administration",
            "acc,none": 0.5757575757575758,
            "acc_stderr,none": 0.08736789844447573,
            "acc_norm,none": 0.5757575757575758,
            "acc_norm_stderr,none": 0.08736789844447573
        },
        "ceval-valid_chinese_language_and_literature": {
            "alias": " - ceval-valid_chinese_language_and_literature",
            "acc,none": 0.391304347826087,
            "acc_stderr,none": 0.10405096111532161,
            "acc_norm,none": 0.391304347826087,
            "acc_norm_stderr,none": 0.10405096111532161
        },
        "ceval-valid_civil_servant": {
            "alias": " - ceval-valid_civil_servant",
            "acc,none": 0.44680851063829785,
            "acc_stderr,none": 0.07330262843906579,
            "acc_norm,none": 0.44680851063829785,
            "acc_norm_stderr,none": 0.07330262843906579
        },
        "ceval-valid_clinical_medicine": {
            "alias": " - ceval-valid_clinical_medicine",
            "acc,none": 0.5,
            "acc_stderr,none": 0.10910894511799618,
            "acc_norm,none": 0.5,
            "acc_norm_stderr,none": 0.10910894511799618
        },
        "ceval-valid_college_chemistry": {
            "alias": " - ceval-valid_college_chemistry",
            "acc,none": 0.3333333333333333,
            "acc_stderr,none": 0.09829463743659811,
            "acc_norm,none": 0.3333333333333333,
            "acc_norm_stderr,none": 0.09829463743659811
        },
        "ceval-valid_college_economics": {
            "alias": " - ceval-valid_college_economics",
            "acc,none": 0.38181818181818183,
            "acc_stderr,none": 0.06611340675536795,
            "acc_norm,none": 0.38181818181818183,
            "acc_norm_stderr,none": 0.06611340675536795
        },
        "ceval-valid_college_physics": {
            "alias": " - ceval-valid_college_physics",
            "acc,none": 0.3157894736842105,
            "acc_stderr,none": 0.10956136839295433,
            "acc_norm,none": 0.3157894736842105,
            "acc_norm_stderr,none": 0.10956136839295433
        },
        "ceval-valid_college_programming": {
            "alias": " - ceval-valid_college_programming",
            "acc,none": 0.4594594594594595,
            "acc_stderr,none": 0.08305895907471073,
            "acc_norm,none": 0.4594594594594595,
            "acc_norm_stderr,none": 0.08305895907471073
        },
        "ceval-valid_computer_architecture": {
            "alias": " - ceval-valid_computer_architecture",
            "acc,none": 0.42857142857142855,
            "acc_stderr,none": 0.11065666703449763,
            "acc_norm,none": 0.42857142857142855,
            "acc_norm_stderr,none": 0.11065666703449763
        },
        "ceval-valid_computer_network": {
            "alias": " - ceval-valid_computer_network",
            "acc,none": 0.21052631578947367,
            "acc_stderr,none": 0.0960916767552923,
            "acc_norm,none": 0.21052631578947367,
            "acc_norm_stderr,none": 0.0960916767552923
        },
        "ceval-valid_discrete_mathematics": {
            "alias": " - ceval-valid_discrete_mathematics",
            "acc,none": 0.375,
            "acc_stderr,none": 0.125,
            "acc_norm,none": 0.375,
            "acc_norm_stderr,none": 0.125
        },
        "ceval-valid_education_science": {
            "alias": " - ceval-valid_education_science",
            "acc,none": 0.5172413793103449,
            "acc_stderr,none": 0.09443492370778725,
            "acc_norm,none": 0.5172413793103449,
            "acc_norm_stderr,none": 0.09443492370778725
        },
        "ceval-valid_electrical_engineer": {
            "alias": " - ceval-valid_electrical_engineer",
            "acc,none": 0.24324324324324326,
            "acc_stderr,none": 0.07150679219093488,
            "acc_norm,none": 0.24324324324324326,
            "acc_norm_stderr,none": 0.07150679219093488
        },
        "ceval-valid_environmental_impact_assessment_engineer": {
            "alias": " - ceval-valid_environmental_impact_assessment_engineer",
            "acc,none": 0.6129032258064516,
            "acc_stderr,none": 0.08892934678767887,
            "acc_norm,none": 0.6129032258064516,
            "acc_norm_stderr,none": 0.08892934678767887
        },
        "ceval-valid_fire_engineer": {
            "alias": " - ceval-valid_fire_engineer",
            "acc,none": 0.3225806451612903,
            "acc_stderr,none": 0.08534681648595455,
            "acc_norm,none": 0.3225806451612903,
            "acc_norm_stderr,none": 0.08534681648595455
        },
        "ceval-valid_high_school_biology": {
            "alias": " - ceval-valid_high_school_biology",
            "acc,none": 0.42105263157894735,
            "acc_stderr,none": 0.11637279966159299,
            "acc_norm,none": 0.42105263157894735,
            "acc_norm_stderr,none": 0.11637279966159299
        },
        "ceval-valid_high_school_chemistry": {
            "alias": " - ceval-valid_high_school_chemistry",
            "acc,none": 0.42105263157894735,
            "acc_stderr,none": 0.11637279966159299,
            "acc_norm,none": 0.42105263157894735,
            "acc_norm_stderr,none": 0.11637279966159299
        },
        "ceval-valid_high_school_chinese": {
            "alias": " - ceval-valid_high_school_chinese",
            "acc,none": 0.3157894736842105,
            "acc_stderr,none": 0.10956136839295433,
            "acc_norm,none": 0.3157894736842105,
            "acc_norm_stderr,none": 0.10956136839295433
        },
        "ceval-valid_high_school_geography": {
            "alias": " - ceval-valid_high_school_geography",
            "acc,none": 0.5263157894736842,
            "acc_stderr,none": 0.11768778828946262,
            "acc_norm,none": 0.5263157894736842,
            "acc_norm_stderr,none": 0.11768778828946262
        },
        "ceval-valid_high_school_history": {
            "alias": " - ceval-valid_high_school_history",
            "acc,none": 0.7,
            "acc_stderr,none": 0.10513149660756933,
            "acc_norm,none": 0.7,