{
    "results": {
        "arc_challenge": {
            "alias": "arc_challenge",
            "acc,none": 0.27047781569965873,
            "acc_stderr,none": 0.012980954547659554,
            "acc_norm,none": 0.2935153583617747,
            "acc_norm_stderr,none": 0.013307250444941111
        },
        "ceval-valid": {
            "acc,none": 0.28826151560178304,
            "acc_stderr,none": 0.012300746110321552,
            "acc_norm,none": 0.28826151560178304,
            "acc_norm_stderr,none": 0.012300746110321552,
            "alias": "ceval-valid"
        },
        "ceval-valid_accountant": {
            "alias": " - ceval-valid_accountant",
            "acc,none": 0.2653061224489796,
            "acc_stderr,none": 0.06372446937141221,
            "acc_norm,none": 0.2653061224489796,
            "acc_norm_stderr,none": 0.06372446937141221
        },
        "ceval-valid_advanced_mathematics": {
            "alias": " - ceval-valid_advanced_mathematics",
            "acc,none": 0.3157894736842105,
            "acc_stderr,none": 0.10956136839295433,
            "acc_norm,none": 0.3157894736842105,
            "acc_norm_stderr,none": 0.10956136839295433
        },
        "ceval-valid_art_studies": {
            "alias": " - ceval-valid_art_studies",
            "acc,none": 0.3333333333333333,
            "acc_stderr,none": 0.08333333333333333,
            "acc_norm,none": 0.3333333333333333,
            "acc_norm_stderr,none": 0.08333333333333333
        },
        "ceval-valid_basic_medicine": {
            "alias": " - ceval-valid_basic_medicine",
            "acc,none": 0.21052631578947367,
            "acc_stderr,none": 0.0960916767552923,
            "acc_norm,none": 0.21052631578947367,
            "acc_norm_stderr,none": 0.0960916767552923
        },
        "ceval-valid_business_administration": {
            "alias": " - ceval-valid_business_administration",
            "acc,none": 0.30303030303030304,
            "acc_stderr,none": 0.08124094920275461,
            "acc_norm,none": 0.30303030303030304,
            "acc_norm_stderr,none": 0.08124094920275461
        },
        "ceval-valid_chinese_language_and_literature": {
            "alias": " - ceval-valid_chinese_language_and_literature",
            "acc,none": 0.2608695652173913,
            "acc_stderr,none": 0.09361833424764437,
            "acc_norm,none": 0.2608695652173913,
            "acc_norm_stderr,none": 0.09361833424764437
        },
        "ceval-valid_civil_servant": {
            "alias": " - ceval-valid_civil_servant",
            "acc,none": 0.2127659574468085,
            "acc_stderr,none": 0.060342609647735204,
            "acc_norm,none": 0.2127659574468085,
            "acc_norm_stderr,none": 0.060342609647735204
        },
        "ceval-valid_clinical_medicine": {
            "alias": " - ceval-valid_clinical_medicine",
            "acc,none": 0.13636363636363635,
            "acc_stderr,none": 0.07488677009526491,
            "acc_norm,none": 0.13636363636363635,
            "acc_norm_stderr,none": 0.07488677009526491
        },
        "ceval-valid_college_chemistry": {
            "alias": " - ceval-valid_college_chemistry",
            "acc,none": 0.125,
            "acc_stderr,none": 0.06895966054592131,
            "acc_norm,none": 0.125,
            "acc_norm_stderr,none": 0.06895966054592131
        },
        "ceval-valid_college_economics": {
            "alias": " - ceval-valid_college_economics",
            "acc,none": 0.32727272727272727,
            "acc_stderr,none": 0.0638524469869863,
            "acc_norm,none": 0.32727272727272727,
            "acc_norm_stderr,none": 0.0638524469869863
        },
        "ceval-valid_college_physics": {
            "alias": " - ceval-valid_college_physics",
            "acc,none": 0.21052631578947367,
            "acc_stderr,none": 0.0960916767552923,
            "acc_norm,none": 0.21052631578947367,
            "acc_norm_stderr,none": 0.0960916767552923
        },
        "ceval-valid_college_programming": {
            "alias": " - ceval-valid_college_programming",
            "acc,none": 0.32432432432432434,
            "acc_stderr,none": 0.07802030664724673,
            "acc_norm,none": 0.32432432432432434,
            "acc_norm_stderr,none": 0.07802030664724673
        },
        "ceval-valid_computer_architecture": {
            "alias": " - ceval-valid_computer_architecture",
            "acc,none": 0.2857142857142857,
            "acc_stderr,none": 0.10101525445522108,
            "acc_norm,none": 0.2857142857142857,
            "acc_norm_stderr,none": 0.10101525445522108
        },
        "ceval-valid_computer_network": {
            "alias": " - ceval-valid_computer_network",
            "acc,none": 0.10526315789473684,
            "acc_stderr,none": 0.07233518641434492,
            "acc_norm,none": 0.10526315789473684,
            "acc_norm_stderr,none": 0.07233518641434492
        },
        "ceval-valid_discrete_mathematics": {
            "alias": " - ceval-valid_discrete_mathematics",
            "acc,none": 0.375,
            "acc_stderr,none": 0.125,
            "acc_norm,none": 0.375,
            "acc_norm_stderr,none": 0.125
        },
        "ceval-valid_education_science": {
            "alias": " - ceval-valid_education_science",
            "acc,none": 0.3793103448275862,
            "acc_stderr,none": 0.09169709590633639,
            "acc_norm,none": 0.3793103448275862,
            "acc_norm_stderr,none": 0.09169709590633639
        },
        "ceval-valid_electrical_engineer": {
            "alias": " - ceval-valid_electrical_engineer",
            "acc,none": 0.24324324324324326,
            "acc_stderr,none": 0.07150679219093488,
            "acc_norm,none": 0.24324324324324326,
            "acc_norm_stderr,none": 0.07150679219093488
        },
        "ceval-valid_environmental_impact_assessment_engineer": {
            "alias": " - ceval-valid_environmental_impact_assessment_engineer",
            "acc,none": 0.1935483870967742,
            "acc_stderr,none": 0.07213122508063838,
            "acc_norm,none": 0.1935483870967742,
            "acc_norm_stderr,none": 0.07213122508063838
        },
        "ceval-valid_fire_engineer": {
            "alias": " - ceval-valid_fire_engineer",
            "acc,none": 0.16129032258064516,
            "acc_stderr,none": 0.06715051611181073,
            "acc_norm,none": 0.16129032258064516,
            "acc_norm_stderr,none": 0.06715051611181073
        },
        "ceval-valid_high_school_biology": {
            "alias": " - ceval-valid_high_school_biology",
            "acc,none": 0.42105263157894735,
            "acc_stderr,none": 0.11637279966159299,
            "acc_norm,none": 0.42105263157894735,
            "acc_norm_stderr,none": 0.11637279966159299
        },
        "ceval-valid_high_school_chemistry": {
            "alias": " - ceval-valid_high_school_chemistry",
            "acc,none": 0.3684210526315789,
            "acc_stderr,none": 0.1136972052352256,
            "acc_norm,none": 0.3684210526315789,
            "acc_norm_stderr,none": 0.1136972052352256
        },
        "ceval-valid_high_school_chinese": {
            "alias": " - ceval-valid_high_school_chinese",
            "acc,none": 0.15789473684210525,
            "acc_stderr,none": 0.085947008518708,
            "acc_norm,none": 0.15789473684210525,
            "acc_norm_stderr,none": 0.085947008518708
        },
        "ceval-valid_high_school_geography": {
            "alias": " - ceval-valid_high_school_geography",
            "acc,none": 0.3157894736842105,
            "acc_stderr,none": 0.10956136839295434,
            "acc_norm,none": 0.3157894736842105,
            "acc_norm_stderr,none": 0.10956136839295434
        },
        "ceval-valid_high_school_history": {
            "alias": " - ceval-valid_high_school_history",
            "acc,none": 0.45,
            "acc_stderr,none": 0.11413288653790232,
            "acc_norm,none": 0.45,