{
    "prefill_toks_per_second": 280.17893828110033,
    "decode_toks_per_second": 1.9833625252039964
}