{
    "prefill_toks_per_second": 0.6409125297263911,
    "decode_toks_per_second": 0.6547206243902439
}