{
    "prefill_toks_per_second": 2.4319138526916504,
    "decode_toks_per_second": 2.3154103755950928
}