{
    "prefill_toks_per_second": 288.52305446205526,
    "decode_toks_per_second": 35.2420140879434
}