{
    "prefill_toks_per_second": 4.8081231117248535,
    "decode_toks_per_second": 4.358641147613525
}