{
  "max_rss": 600.3984375,
  "max_vms": 1132.31640625
}