{
    "prefill_throughput": 452.015642659791,
    "decode_throughput": 105.1396370764576
}