{
    "results": {
        "arc_challenge": {
            "alias": "arc_challenge",
            "acc,none": 0.29436860068259385,
            "acc_stderr,none": 0.013318528460539419,
            "acc_norm,none": 0.3242320819112628,
            "acc_norm_stderr,none": 0.013678810399518813
        },
        "ceval-valid": {
            "acc_norm,none": 0.5193164933135216,
            "acc_norm_stderr,none": 0.013144077178976867,
            "acc,none": 0.5193164933135216,
            "acc_stderr,none": 0.013144077178976867,
            "alias": "ceval-valid"
        },
        "ceval-valid_accountant": {
            "alias": " - ceval-valid_accountant",
            "acc,none": 0.42857142857142855,
            "acc_stderr,none": 0.07142857142857147,
            "acc_norm,none": 0.42857142857142855,
            "acc_norm_stderr,none": 0.07142857142857147
        },
        "ceval-valid_advanced_mathematics": {
            "alias": " - ceval-valid_advanced_mathematics",
            "acc,none": 0.2631578947368421,
            "acc_stderr,none": 0.10379087338771256,
            "acc_norm,none": 0.2631578947368421,
            "acc_norm_stderr,none": 0.10379087338771256
        },
        "ceval-valid_art_studies": {
            "alias": " - ceval-valid_art_studies",
            "acc,none": 0.36363636363636365,
            "acc_stderr,none": 0.08503766788122592,
            "acc_norm,none": 0.36363636363636365,
            "acc_norm_stderr,none": 0.08503766788122592
        },
        "ceval-valid_basic_medicine": {
            "alias": " - ceval-valid_basic_medicine",
            "acc,none": 0.5263157894736842,
            "acc_stderr,none": 0.1176877882894626,
            "acc_norm,none": 0.5263157894736842,
            "acc_norm_stderr,none": 0.1176877882894626
        },
        "ceval-valid_business_administration": {
            "alias": " - ceval-valid_business_administration",
            "acc,none": 0.5757575757575758,
            "acc_stderr,none": 0.08736789844447573,
            "acc_norm,none": 0.5757575757575758,
            "acc_norm_stderr,none": 0.08736789844447573
        },
        "ceval-valid_chinese_language_and_literature": {
            "alias": " - ceval-valid_chinese_language_and_literature",
            "acc,none": 0.43478260869565216,
            "acc_stderr,none": 0.10568965974008647,
            "acc_norm,none": 0.43478260869565216,
            "acc_norm_stderr,none": 0.10568965974008647
        },
        "ceval-valid_civil_servant": {
            "alias": " - ceval-valid_civil_servant",
            "acc,none": 0.425531914893617,
            "acc_stderr,none": 0.07289875413448858,
            "acc_norm,none": 0.425531914893617,
            "acc_norm_stderr,none": 0.07289875413448858
        },
        "ceval-valid_clinical_medicine": {
            "alias": " - ceval-valid_clinical_medicine",
            "acc,none": 0.5454545454545454,
            "acc_stderr,none": 0.10865714630312667,
            "acc_norm,none": 0.5454545454545454,
            "acc_norm_stderr,none": 0.10865714630312667
        },
        "ceval-valid_college_chemistry": {
            "alias": " - ceval-valid_college_chemistry",
            "acc,none": 0.375,
            "acc_stderr,none": 0.10094660663590604,
            "acc_norm,none": 0.375,
            "acc_norm_stderr,none": 0.10094660663590604
        },
        "ceval-valid_college_economics": {
            "alias": " - ceval-valid_college_economics",
            "acc,none": 0.38181818181818183,
            "acc_stderr,none": 0.06611340675536795,
            "acc_norm,none": 0.38181818181818183,
            "acc_norm_stderr,none": 0.06611340675536795
        },
        "ceval-valid_college_physics": {
            "alias": " - ceval-valid_college_physics",
            "acc,none": 0.3157894736842105,
            "acc_stderr,none": 0.10956136839295433,
            "acc_norm,none": 0.3157894736842105,
            "acc_norm_stderr,none": 0.10956136839295433
        },
        "ceval-valid_college_programming": {
            "alias": " - ceval-valid_college_programming",
            "acc,none": 0.4864864864864865,
            "acc_stderr,none": 0.08330289193201319,
            "acc_norm,none": 0.4864864864864865,
            "acc_norm_stderr,none": 0.08330289193201319
        },
        "ceval-valid_computer_architecture": {
            "alias": " - ceval-valid_computer_architecture",
            "acc,none": 0.42857142857142855,
            "acc_stderr,none": 0.11065666703449763,
            "acc_norm,none": 0.42857142857142855,
            "acc_norm_stderr,none": 0.11065666703449763
        },
        "ceval-valid_computer_network": {
            "alias": " - ceval-valid_computer_network",
            "acc,none": 0.3157894736842105,
            "acc_stderr,none": 0.10956136839295434,
            "acc_norm,none": 0.3157894736842105,
            "acc_norm_stderr,none": 0.10956136839295434
        },
        "ceval-valid_discrete_mathematics": {
            "alias": " - ceval-valid_discrete_mathematics",
            "acc,none": 0.25,
            "acc_stderr,none": 0.11180339887498948,
            "acc_norm,none": 0.25,
            "acc_norm_stderr,none": 0.11180339887498948
        },
        "ceval-valid_education_science": {
            "alias": " - ceval-valid_education_science",
            "acc,none": 0.6551724137931034,
            "acc_stderr,none": 0.08982552969857373,
            "acc_norm,none": 0.6551724137931034,
            "acc_norm_stderr,none": 0.08982552969857373
        },
        "ceval-valid_electrical_engineer": {
            "alias": " - ceval-valid_electrical_engineer",
            "acc,none": 0.3783783783783784,
            "acc_stderr,none": 0.08083044344561426,
            "acc_norm,none": 0.3783783783783784,
            "acc_norm_stderr,none": 0.08083044344561426
        },
        "ceval-valid_environmental_impact_assessment_engineer": {
            "alias": " - ceval-valid_environmental_impact_assessment_engineer",
            "acc,none": 0.5806451612903226,
            "acc_stderr,none": 0.09009187125012223,
            "acc_norm,none": 0.5806451612903226,
            "acc_norm_stderr,none": 0.09009187125012223
        },
        "ceval-valid_fire_engineer": {
            "alias": " - ceval-valid_fire_engineer",
            "acc,none": 0.45161290322580644,
            "acc_stderr,none": 0.09085862440549508,
            "acc_norm,none": 0.45161290322580644,
            "acc_norm_stderr,none": 0.09085862440549508
        },
        "ceval-valid_high_school_biology": {
            "alias": " - ceval-valid_high_school_biology",
            "acc,none": 0.3157894736842105,
            "acc_stderr,none": 0.10956136839295433,
            "acc_norm,none": 0.3157894736842105,
            "acc_norm_stderr,none": 0.10956136839295433
        },
        "ceval-valid_high_school_chemistry": {
            "alias": " - ceval-valid_high_school_chemistry",
            "acc,none": 0.3157894736842105,
            "acc_stderr,none": 0.10956136839295434,
            "acc_norm,none": 0.3157894736842105,
            "acc_norm_stderr,none": 0.10956136839295434
        },
        "ceval-valid_high_school_chinese": {
            "alias": " - ceval-valid_high_school_chinese",
            "acc,none": 0.5789473684210527,
            "acc_stderr,none": 0.11637279966159299,
            "acc_norm,none": 0.5789473684210527,
            "acc_norm_stderr,none": 0.11637279966159299
        },
        "ceval-valid_high_school_geography": {
            "alias": " - ceval-valid_high_school_geography",
            "acc,none": 0.631578947368421,
            "acc_stderr,none": 0.11369720523522563,
            "acc_norm,none": 0.631578947368421,
            "acc_norm_stderr,none": 0.11369720523522563
        },
        "ceval-valid_high_school_history": {
            "alias": " - ceval-valid_high_school_history",
            "acc,none": 0.85,
            "acc_stderr,none": 0.08191780219091252,