{
    "prefill_toks_per_second": 7.49674224853516,
    "decode_toks_per_second": 4.172340393066406
}